{"cameraMode":{"drawMode":0,"name":"Shaded","section":"Shading Mode"},"sceneLighting":true,"audioPlay":false,"sceneViewState":{"m_AlwaysRefresh":false,"showFog":true,"showSkybox":true,"showFlares":true,"showImageEffects":true,"showParticleSystems":true,"showVisualEffectGraphs":true,"m_FxEnabled":true},"in2DMode":false,"pivot":{"x":159.4110870361328,"y":610.5762329101563,"z":103.44172668457031},"rotation":{"x":-0.1645534634590149,"y":0.006509066093713045,"z":-0.0010793112451210619,"w":-0.9863423705101013},"size":290.1556091308594,"orthographic":false}