{"cameraMode":{"drawMode":0,"name":"Shaded","section":"Shading Mode"},"sceneLighting":false,"audioPlay":false,"sceneViewState":{"m_AlwaysRefresh":false,"showFog":true,"showSkybox":false,"showFlares":true,"showImageEffects":true,"showParticleSystems":true,"showVisualEffectGraphs":true,"m_FxEnabled":true},"in2DMode":false,"pivot":{"x":-0.3146398663520813,"y":0.8444539308547974,"z":0.5931644439697266},"rotation":{"x":-0.12337933480739594,"y":0.7139572501182556,"z":-0.13014370203018189,"w":-0.6768140196800232},"size":2.0089478492736818,"orthographic":false}